-- Adminer 4.7.6 MySQL dump

SET NAMES utf8;
SET time_zone = '+00:00';
SET foreign_key_checks = 0;
SET sql_mode = 'NO_AUTO_VALUE_ON_ZERO';

SET NAMES utf8mb4;

DROP DATABASE IF EXISTS `my_cine`;
CREATE DATABASE `my_cine` /*!40100 DEFAULT CHARACTER SET utf8mb4 COLLATE utf8mb4_general_ci */;
USE `my_cine`;

DROP TABLE IF EXISTS `actor`;
CREATE TABLE `actor` (
  `id` int(11) NOT NULL AUTO_INCREMENT,
  `firstname` varchar(255) NOT NULL,
  `lastname` varchar(255) NOT NULL,
  `birth` varchar(255) NOT NULL,
  `poster` varchar(255) NOT NULL,
  `biography` longtext NOT NULL,
  PRIMARY KEY (`id`)
) ENGINE=InnoDB DEFAULT CHARSET=utf8 COLLATE=utf8_general_ci;

INSERT INTO `actor` (`id`, `firstname`, `lastname`, `birth`, `poster`, `biography`) VALUES
(1,	'Harrison',	'Ford',	'13 juillet 1942',	'zVnHagUvXkR2StdOtquEwsiwSVt.jpg',	'Harrison Ford est un acteur américain né le 13 juillet 1942 à Chicago (Illinois).\r\n\r\nSa collaboration avec George Lucas, qui a été le premier à lui donner l\'occasion de s\'affirmer en tant qu\'acteur avec American Graffiti, lui permet d\'accéder au rang de vedette internationale avec les rôles de Han Solo dans la trilogie originelle de Star Wars et d\'Indiana Jones.\r\n\r\nSon statut d\'acteur majeur du cinéma de divertissement lui vaut d\'être consacré « star du siècle du box-office » en 1994 par l\'Association nationale des propriétaires de salles de spectacle. En effet, les films dans lesquels il a tenu un rôle majeur ont engendré près de six milliards de dollars dans le monde.\r\n\r\nDepuis plusieurs années, Harrison Ford met sa notoriété au service de la conservation de la nature en sensibilisant l\'opinion notamment sur le cas critique de la déforestation des forêts tropicales.\r\n\r\nHarrison Ford est un acteur américain né le 13 juillet 1942 à Chicago (Illinois).\r\n\r\nSa collaboration avec George Lucas, qui a été le premier à lui donner l\'occasion de s\'affirmer en tant qu\'acteur avec American Graffiti, lui permet d\'accéder au rang de vedette internationale avec les rôles de Han Solo dans la trilogie originelle de Star Wars et d\'Indiana Jones.\r\n\r\nSon statut d\'acteur majeur du cinéma de divertissement lui vaut d\'être consacré « star du siècle du box-office » en 1994 par l\'Association nationale des propriétaires de salles de spectacle. En effet, les films dans lesquels il a tenu un rôle majeur ont engendré près de six milliards de dollars dans le monde.\r\n\r\nDepuis plusieurs années, Harrison Ford met sa notoriété au service de la conservation de la nature en sensibilisant l\'opinion notamment sur le cas critique de la déforestation des forêts tropicales.\r\n\r\n'),
(2,	'Rutger',	'Rutger ',	'23 janvier 1944',	'aNvyDYD0YscuwMfgy15wb5gRKph.jpg',	'Rutger Oelsen Hauer (23 January 1944 - 19 July 2019) was a Dutch film actor. He was well known for his roles in Flesh + Blood, Blind Fury, Blade Runner, The Hitcher, Nighthawks, Sin City, Ladyhawke, The Blood of Heroes and Batman Begins.\r\n\r\nHauer was born in Breukelen, Netherlands, to drama teachers Arend and Teunke, and grew up in Amsterdam. Since his parents were very occupied with their careers, he and his three sisters (one older, two younger) were raised mostly by nannies. At the age of 15, Hauer ran off to sea and spent a year scrubbing decks aboard a freighter. Returning home, he worked as an electrician and a carpenter for three years while attending acting classes at night school. He went on to join an experimental troupe, with which he remained for five years before he was cast in the lead role in the very successful 1969 television series Floris, a Dutch Ivanhoe-like medieval action drama. The role made him famous in his native country.\r\n\r\nHauer\'s career changed course when director Paul Verhoeven cast him as the lead in Turkish Delight (1973) (based on the Jan Wolkers book of the same name). The movie found box-office favour abroad as well as at home, and within two years, its star was invited to make his English-language debut in the British film The Wilby Conspiracy (1975). Set in South Africa and starring Michael Caine and Sidney Poitier, the film was an action melodrama with a focus on apartheid. Hauer\'s supporting role, however, was barely noticed in Hollywood, and he returned to Dutch films for several years. Hauer made his American debut in the Sylvester Stallone vehicle Nighthawks (1981), cast as a psychopathic and cold-blooded terrorist named \"Wolfgar\" (after a character in the Old English poem Beowulf). The following year, he appeared in arguably his most famous and acclaimed role as the eccentric, violent, yet sympathetic replicant Roy Batty in Ridley Scott\'s 1982 sci-fi thriller, Blade Runner.\r\n\r\nHauer was a dedicated environmentalist. He fought for the release of Greenpeace\'s co-founder, Paul Watson, who was convicted in 1994 for sinking a Norwegian whaling vessel. Hauer has also established an AIDS awareness foundation called the Rutger Hauer Starfish Foundation. He married his second wife, Ineke, in 1985 (they had been together since 1968); and he has one child, actress Aysha Hauer, who was born in 1966 and who made him a grandfather in 1988. In April 2007, he published his autobiography All Those Moments: Stories of Heroes, Villains, Replicants, and Blade Runners (co-written with Patrick Quinlan) where he discussed many of his movie roles. Proceeds of the book go to Hauer\'s Starfish Foundation.'),
(3,	'Sean',	'Young',	'20 novembre 1959',	'2P4vBmz3Foi8LMIxAc2dATQLIDP.jpg',	'Mary Sean Young (born November 20, 1959) is an American actress. Her breakthrough role was that of Rachael in the sci-fi Blade Runner (1982), which emerged as a significant work in popular culture; she reprised the role for Blade Runner\'s acclaimed sequel Blade Runner 2049 (2017). She originated the character of Chani in the sci-fi Dune (1984), led the neo-noir No Way Out (1987), played Kate in Wall Street (1987), and had starring roles in the comedies Fatal Instinct (1993) and Ace Ventura: Pet Detective (1994).'),
(4,	'Chris',	'Pine',	'26 août 1980',	'mi00EsvrAebidnEYK7LZxgbKYyH.jpg',	'Christopher Whitelaw \"Chris\" Pine est un acteur américain né le 26 août 1980. Depuis 2009, il incarne James T. Kirk dans les films de la saga Star Trek.'),
(5,	'Zachary',	'Quinto',	'2 juin 1977',	'qFqIaNMcDNd693epUSXo9zOTXev.jpg',	'Zachary John Quinto (/ˈkwɪntoʊ/; born June 2, 1977) is an American actor and film producer. He is known for his roles as Sylar on Heroes (2006–2010); Spock in the film Star Trek (2009) and its sequels Star Trek Into Darkness (2013) and Star Trek Beyond (2016); Charlie Manx in the AMC series NOS4A2, and Dr. Oliver Thredson in American Horror Story: Asylum, for which he received an Emmy Award nomination.\r\n\r\nHe first appeared on television in the short-lived television series The Others, and appeared as a guest star on shows including CSI, Touched by an Angel, Charmed, Six Feet Under, Lizzie McGuire, and L.A. Dragnet.'),
(6,	'Keanu',	'Reeves',	'2 septembre 1964',	'4D0PpNI0kmP58hgrwGC3wCjxhnm.jpg',	'Keanu Charles Reeves est un acteur canadien, né le 2 septembre 1964 à Beyrouth (Liban). Il accède à la célébrité avec les films Point Break (1991), Speed(1994) et la trilogie Matrix (1999, 2003, 2003), dans lequel il joue le personnage de Neo. Parallèlement à sa carrière d\'acteur, il est bassiste dans le groupe grunge Dogstar, de 1991 à 2002, et plus récemment dans le groupe Becky.\r\n\r\nDans l\'émission Entertainment Tonight, en 2006, Keanu Reeves a été inclus dans le « Top 10 des stars préférées des américains ». Le 31 janvier 2005, il a reçu une étoile sur le Walk of Fame à Hollywood.'),
(7,	'Carrie-Anne',	'Moss',	'21 août 1967',	'xD4jTA3KmVp5Rq3aHcymL9DUGjD.jpg',	'Carrie-Anne Moss est une actrice canadienne, née le 21 août 1967 à Burnaby (Colombie-Britannique). Elle est principalement connue pour avoir joué Trinity dans la trilogie Matrix.\r\n\r\nDiplômée de l\'American Academy of Dramatic Arts de Pasadena en Californie, Carrie-Anne Moss poursuit une carrière de mannequin qui l’emmène en Europe. Sélectionnée pour un rôle, elle retourne immédiatement à Los Angeles afin de rejoindre le casting de Dark Justice. La jeune femme enchaîne ensuite un autre tournage, dans une création intitulée, ironiquement : Matrix. Puis, le cinéma la voit faire ses débuts dans le thriller Flashfire, aux côtés de Billy Zane, ou encore dans The Soft Kill, avec l’atypique Brion James.'),
(8,	'Joe',	'Pantoliano',	'12 septembre 1951',	'3OHUI3nX4SYGGItDk3xqeIvWtIf.jpg',	'An American film and television actor. He played the character of Ralph Cifaretto on The Sopranos, Bob Keane in La Bamba, Cypher in The Matrix, Teddy in Memento, Francis Fratelli in The Goonies, Guido \"the Killer Pimp\" in Risky Business, and Jennifer Tilly\'s violent mobster boyfriend, Caesar, in Bound. He also played US Marshall Renfro in both The Fugitive and U.S. Marshals. He is often referred to as \"Joey Pants\", due to the difficulty some have pronouncing his Italian surname.'),
(9,	'Kyle',	'MacLachlan',	'22 février 1959',	'ooI51tWwL5qVHV6KrOdbi01s2ib.jpg',	'Kyle Merritt MacLachlan (born February 22, 1959) is an American actor. MacLachlan widely known for his portrayal of Dale Cooper in the TV series Twin Peaks (1990–1991; 2017), and its prequel film Twin Peaks: Fire Walk with Me (1992). He is also known for his film roles including cult films such as Dune (1984), Blue Velvet (1986), The Hidden (1987), and Showgirls (1995). He has also had prominent roles in other television shows including appearing as Trey MacDougal in Sex and the City (2000–2002), Orson Hodge in Desperate Housewives (2006–2012), The Captain in How I Met Your Mother (2010–2014), the Mayor of Portland in Portlandia (2011–2018), and as Calvin Zabo in Agents of S.H.I.E.L.D. (2014–2015).'),
(10,	'Val',	'Kilmer',	'31 décembre 1959',	'szMi36EOoCuMYeYO9eYqRefEnKo.jpg',	'Val Edward Kilmer, dit Val Kilmer, né le 31 décembre 1959 à Los Angeles (Californie), aux États-Unis, est un acteur américain.\r\n\r\nIl est révélé durant les années 1980 par le film Top Gun (1986), de Tony Scott, aux côtés de Tom Cruise, puis s\'impose en tête d\'affiche du film de type heroic fantasy, Willow (1988), de Ron Howard.\r\n\r\nIl confirme au début des années 1990 en prêtant ses traits à Jim Morrison dans le biopic Les Doors (1991), d\'Oliver Stone, puis en menant le thriller d\'action Cœur de tonnerre (1992), de Michael Apted. Il est aussi aux casting de plusieurs longs-métrages acclamés par la critique : True Romance (1993), de Tony Scott, Tombstone (1993), de George Pan Cosmatos, et Heat (1995), de Michael Mann.'),
(11,	'Meg',	'Ryan',	'19 novembre 1961',	'bGDMgSAl0Kw0Po1eKujXRNaivGj.jpg',	'Meg Ryan (born November 19, 1961) is an American actress, producer and director. She began her acting career in 1981 when she made her acting debut in the drama film Rich and Famous. She later joined the cast of the CBS soap opera As the World Turns in 1982.\r\n\r\nShe began to appear in supporting roles in films during the mid-1980s like box office hit Top Gun, achieving recognition in independent films such as Promised Land (1987) before her performance in the Rob Reiner-directed romantic comedy When Harry Met Sally... (1989) brought her widespread attention and her first Golden Globe nomination.\r\n\r\nShe subsequently established herself, both nationally and internationally, as one of the most successful actresses in the 1990s and'),
(12,	'Robert',	'De Niro',	'17 août 1943',	'cT8htcckIuyI1Lqwt1CvD02ynTh.jpg',	'Robert Mario Anthony De Niro est un acteur, réalisateur et producteur de cinéma italo-américain né le 17 août 1943 à New York.\r\n\r\nRéputé pour ses nombreux films culte, tels que Taxi Driver, Le Parrain 2, Il était une fois en Amérique, Brazil, Heat, Raging Bull, Les Affranchis, Casino ou encore Voyage au bout de l\'enfer, De Niro a remporté de nombreuses récompenses comme l\'Oscar du meilleur acteur, l\'Oscar du meilleur acteur dans un second rôle et deux Golden Globe (dont un pour l\'ensemble de sa carrière en 2011). Ses interprétations extrêmement travaillées et sa filmographie très éclectique lui ont permis de devenir l\'un des acteurs les plus reconnus de l\'histoire du cinéma.'),
(13,	'Al',	'Pacino',	'25 avril 1940',	'cFjAE1I1lUNPF3SCX4IH9aXXCo9.jpg',	'Alfredo James \"Al\" Pacino (né le 25 avril 1940) est un acteur et réalisateur américain. Il est célèbre pour jouer des gangsters, dont Michael Corleone dans la trilogie \"Le parrain\", Tony Montana dans Scarface, Alphonse \"Big Boy\" Caprice dans Dick Tracy et Carlito Brigante dans \"L\'impasse\", mais il est également apparu à plusieurs reprises de l\'autre côté de la loi - en tant que policier, détective et avocat. Son rôle de Frank Slade dans Scent of a Woman lui a valu l\'Oscar du meilleur acteur en 1992 après avoir reçu sept nominations aux Oscars.\r\n\r\nIl a fait ses débuts dans le film Me, Natalie dans un second rôle mineur en 1969, avant de jouer le rôle principal dans le drame de 1971 The Panic in Needle Park. Pacino a fait sa percée majeure quand il a reçu le rôle de Michael Corleone dans \"Le parrain\" en 1972, ce qui lui a valu une nomination aux Oscars du meilleur second rôle masculin. Dick Tracy et Glengarry Glen Ross ont été nominés aux Oscars pour le meilleur second rôle. Nominations aux Oscars pour le meilleur acteur comprennent Le Parrain Partie II, Serpico, Dog Day Afternoon, le drame de la salle d\'audience ... Et la justice pour tous et l\'odeur d\'une femme.\r\n\r\nEn plus d\'une carrière dans le cinéma, il a également connu une carrière réussie sur scène, en remportant Tony Awards pour «Tiger Wear a Necktie»? et la formation de base de Pavlo Hummel. Son amour pour Shakespeare l\'a amené à réaliser son premier film avec Looking for Richard, un documentaire sur la pièce Richard III. Pacino a reçu de nombreuses récompenses à vie, dont une de l\'American Film Institute. Il est un acteur de méthode, enseigné principalement par Lee Strasberg et Charlie Laughton à l\'Actors Studio de New York. Bien qu\'il ne se soit jamais marié, Pacino a eu plusieurs relations avec des actrices et a trois enfants.\r\n\r\nAlfredo James \"Al\" Pacino (né le 25 avril 1940) est un acteur et réalisateur américain. Il est célèbre pour jouer des gangsters, dont Michael Corleone dans la trilogie \"Le parrain\", Tony Montana dans Scarface, Alphonse \"Big Boy\" Caprice dans Dick Tracy et Carlito Brigante dans \"L\'impasse\", mais il est également apparu à plusieurs reprises de l\'autre côté de la loi - en tant que policier, détective et avocat. Son rôle de Frank Slade dans Scent of a Woman lui a valu l\'Oscar du meilleur acteur en 1992 après avoir reçu sept nominations aux Oscars.\r\n\r\nIl a fait ses débuts dans le film Me, Natalie dans un second rôle mineur en 1969, avant de jouer le rôle principal dans le drame de 1971 The Panic in Needle Park. Pacino a fait sa percée majeure quand il a reçu le rôle de Michael Corleone dans \"Le parrain\" en 1972, ce qui lui a valu une nomination aux Oscars du meilleur second rôle masculin. Dick Tracy et Glengarry Glen Ross ont été nominés aux Oscars pour le meilleur second rôle. Nominations aux Oscars pour le meilleur acteur comprennent Le Parrain Partie II, Serpico, Dog Day Afternoon, le drame de la salle d\'audience ... Et la justice pour tous et l\'odeur d\'une femme.\r\n\r\nEn plus d\'une carrière dans le cinéma, il a également connu une carrière réussie sur scène, en remportant Tony Awards pour «Tiger Wear a Necktie»? et la formation de base de Pavlo Hummel. Son amour pour Shakespeare l\'a amené à réaliser son premier film avec Looking for Richard, un documentaire sur la pièce Richard III. Pacino a reçu de nombreuses récompenses à vie, dont une de l\'American Film Institute. Il est un acteur de méthode, enseigné principalement par Lee Strasberg et Charlie Laughton à l\'Actors Studio de New York. Bien qu\'il ne se soit jamais marié, Pacino a eu plusieurs relations avec des actrices et a trois enfants.\r\n\r\n'),
(14,	'Marlon',	'Brando',	'3 avril 1924',	'fuTEPMsBtV1zE98ujPONbKiYDc2.jpg',	'Marlon Brando Jr est né le 3 avril 1924 dans une famille modeste du Nebraska. Après des études médiocres et un passage éclair par une académie militaire, le jeune homme s\'envole en 1943 pour New-York. Là, il assiste aux cours de théâtre de Stella Adler qui lui enseigne la méthode de l\'Actors Studio. C\'est LA révélation : Brando est un acteur né. Sept ans et plusieurs pièces de théâtre plus tard, il fait ses débuts devant les caméras dans \"Un Tramway Nommé Désir\", sous la direction d\'Elia Kazan. Le résultat est retentissant : l\'acteur, moulé dans son tee-shirt blanc, devient instantanément un sex-symbol. Il poursuit sa collaboration avec Kazan en tournant coup sur coup dans \"Viva Zapata !\" et surtout \"Sur Les Quais\", pour lequel il reçoit l\'Oscar et le Prix d\'interprétation à Cannes. En 1953, son personnage en blouson Perfecto, dans \"L\'Equipée Sauvage\", renforce encore son statut d\'icône générationnelle. Il s\'illustre ensuite dans le péplum Jules Cesar, ou les comédie musicale \"Blanches Colombes\", \"Vilains Messieurs\". Brando est au sommet, adulé par les foules et courtisé par les producteurs.\r\n\r\nDans les années 1960, Marlon Brando prend des risques artistiques. Il s\'essaye à la réalisation avec La Vengeance aux deux visag'),
(15,	'Diane',	'Keaton',	'5 janvier 1946',	'siSWRRFN9uO6iCN7y9OrHU5IaJ.jpg',	'Diane Hall Keaton (born Diane Hall; January 5, 1946) is an American actress. Known for her idiosyncratic personality and fashion style, she has received various accolades throughout her career spanning over six decades, including an Academy Award, a British Academy Film Award, two Golden Globe Awards, and the AFI Life Achievement Award.\r\n\r\nKeaton began her career on stage appearing in the original 1968 Broadway production of the musical Hair. The next year, she received a Tony Award for Best Featured Actress in a Play nomination for her performance in Woody Allen\'s comic play Play it Again, Sam. She then made her screen debut in a small role in Lovers and Other Strangers (1970). She rose to prominence with her first major film role as Kay Adams-Corleone in Francis Ford Coppola\'s The Godfather (1972), a role she reprised in its sequels The Godfather Part II (1974) and The Godfather Part III (1990). The films that most shaped her career were those with director and co-star Woody Allen, beginning with the film adaptation of Play It Again, Sam (1972). Her next two films with Allen, Sleeper (1973) and Love and Death (1975), established her as a comic actor. Her fourth, the romantic comedy Annie Hall (1977), won her the Academy Award for Best Actress.\r\n\r\nTo avoid being typecast as her Annie Hall persona, Keaton appeared in several dramatic films, starring in Looking for Mr. Goodbar (1977) and Allen\'s Interiors (1978), and received three more Academy Award nominations for playing feminist activist Louise Bryant in Reds (1981), a woman with leukemia in Marvin\'s Room (1996), and a dramatist in Something\'s Gotta Give (2003). Keaton\'s other popular films include Manhattan (1979), Baby Boom (1987), Father of the Bride (1991), Manhattan Murder Mystery (1993), Father of the Bride Part II (1995), The First Wives Club (1996), The Family Stone (2005), Morning Glory (2010), Finding Dory (2016) and Book Club (2018).\r\n\r\nDiane Hall Keaton (born Diane Hall; January 5, 1946) is an American actress. Known for her idiosyncratic personality and fashion style, she has received various accolades throughout her career spanning over six decades, including an Academy Award, a British Academy Film Award, two Golden Globe Awards, and the AFI Life Achievement Award.\r\n\r\nKeaton began her career on stage appearing in the original 1968 Broadway production of the musical Hair. The next year, she received a Tony Award for Best Featured Actress in a Play nomination for her performance in Woody Allen\'s comic play Play it Again, Sam. She then made her screen debut in a small role in Lovers and Other Strangers (1970). She rose to prominence with her first major film role as Kay Adams-Corleone in Francis Ford Coppola\'s The Godfather (1972), a role she reprised in its sequels The Godfather Part II (1974) and The Godfather Part III (1990). The films that most shaped her career were those with director and co-star Woody Allen, beginning with the film adaptation of Play It Again, Sam (1972). Her next two films with Allen, Sleeper (1973) and Love and Death (1975), established her as a comic actor. Her fourth, the romantic comedy Annie Hall (1977), won her the Academy Award for Best Actress.\r\n\r\nTo avoid being typecast as her Annie Hall persona, Keaton appeared in several dramatic films, starring in Looking for Mr. Goodbar (1977) and Allen\'s Interiors (1978), and received three more Academy Award nominations for playing feminist activist Louise Bryant in Reds (1981), a woman with leukemia in Marvin\'s Room (1996), and a dramatist in Something\'s Gotta Give (2003). Keaton\'s other popular films include Manhattan (1979), Baby Boom (1987), Father of the Bride (1991), Manhattan Murder Mystery (1993), Father of the Bride Part II (1995), The First Wives Club (1996), The Family Stone (2005), Morning Glory (2010), Finding Dory (2016) and Book Club (2018).\r\n\r\n'),
(16,	'Carrie',	'Fisher',	'21 octobre 1956',	'rfJtncHewKVnHjqpIZvjn24ESeC.jpg',	'Carrie Fisher, née le 21 octobre 1956 à Beverly Hills et morte le 27 décembre 2016 à Los Angeles, est une actrice, romancière et scénariste américaine. Elle est la fille de l\'actrice Debbie Reynolds et du chanteur Eddie Fisher, et la demi-sœur de Joely Fisher et Tricia Leigh Fisher.\r\n\r\nEn 1977, dès son deuxième film, elle accède à la célébrité avec ses partenaires de Star Wars de George Lucas. Son interprétation de la princesse Leia, personnalité importante de l\'Alliance rebelle en lutte contre le terrible Empire galactique, la propulse au rang de star internationale, le grand public l\'associant systématiquement à son personnage. Elle reprend ce rôle dans L\'Empire contre-attaque (1980), Star Wars, épisode VI : Le Retour du Jedi (1983), et trente-deux ans plus tard dans Star Wars, épisode VII : Le Réveil de la Force (2015) puis dans Star Wars, épisode VIII (2017).\r\n\r\nDes problèmes de drogue et d\'alcoolisme durant les années 1980 l\'obligent à se tenir écartée des plateaux. Elle est tout de même remarquée dans Les Blues Brothers (1980), Hannah et ses sœurs (1986), Quand Harry rencontre Sally (1989), Austin Powers (1997), ou encore dans Scream 3 (2000).\r\n\r\nCarrie Fisher, née le 21 octobre 1956 à Beverly Hills et morte le 27 décembre 2016 à Los Angeles, est une actrice, romancière et scénariste américaine. Elle est la fille de l\'actrice Debbie Reynolds et du chanteur Eddie Fisher, et la demi-sœur de Joely Fisher et Tricia Leigh Fisher.\r\n\r\nEn 1977, dès son deuxième film, elle accède à la célébrité avec ses partenaires de Star Wars de George Lucas. Son interprétation de la princesse Leia, personnalité importante de l\'Alliance rebelle en lutte contre le terrible Empire galactique, la propulse au rang de star internationale, le grand public l\'associant systématiquement à son personnage. Elle reprend ce rôle dans L\'Empire contre-attaque (1980), Star Wars, épisode VI : Le Retour du Jedi (1983), et trente-deux ans plus tard dans Star Wars, épisode VII : Le Réveil de la Force (2015) puis dans Star Wars, épisode VIII (2017).\r\n\r\nDes problèmes de drogue et d\'alcoolisme durant les années 1980 l\'obligent à se tenir écartée des plateaux. Elle est tout de même remarquée dans Les Blues Brothers (1980), Hannah et ses sœurs (1986), Quand Harry rencontre Sally (1989), Austin Powers (1997), ou encore dans Scream 3 (2000).\r\n\r\n'),
(17,	'Jodie',	'Foster',	'19 novembre 1962',	'resiaRfWvj4N84TgJi9DPOafCpq.jpg',	'Alicia Christian Foster, dite Jodie Foster, est une actrice, réalisatrice et productrice américaine, née le 19 novembre 1962 à Los Angeles.\r\n\r\nElle entame sa carrière à l\'âge de six ans dans la série télévisée Mayberry, R.F.D. et est révélée en 1976 par le film Taxi Driver, qui lui apporte sa première nomination aux Oscars. Elle fait la totalité de ses études en français et obtient un baccalauréat au lycée français de Los Angeles (ce qui explique qu\'elle parle couramment le français sans aucun accent américain), puis un diplôme de littérature à l\'université Yale.\r\n\r\nAprès plusieurs rôles, elle obtient l\'Oscar de la meilleure actrice pour Les Accusés en 1988, puis en reçoit un second, trois ans plus tard, grâce au Silence des agneaux en 1991, où elle côtoie Anthony Hopkins. Ses autres grands succès incluent Contact (1997), Panic Room (2002) ainsi que Flight Plan (2005), À vif (2007) et Carnage (2011). Elle a également été honorée, en plus de ses deux Oscars, de trois Golden Globes ainsi que de trois British Academy Award (BAFTA).\r\n\r\nEn 2013, elle reçoit le Cecil B. DeMille Award pour l\'ensemble de sa carrière lors de la 70e cérémonie des Golden Globes.\r\n\r\nEn juillet 2021, elle reçoit la Palme d\'honneur au Festival de Cannes.\r\n\r\nJodie Foster est la fille de Lucius Foster III et d\'Evelyn Brandy Foster née Almond. Son père est un ancien lieutenant-colonel dans l\'Armée de l\'Air américaine reconverti dans l\'immobilier où il a fait fortune avant la naissance de sa fille.\r\n\r\nElle commence sa carrière à deux ans avec des publicités, pendant quatre ans, et commence la série Mayberry R.F.D. (1968). Après plusieurs spots publicitaires, Jodie tourne en 1972 son premier film Napoléon et Samantha (Napoleon and Samantha) avec Michael Douglas produit par Walt Disney Pictures.\r\n\r\nEn 1972 également, elle incarne un second rôle important d\'une fillette appelée Alethea en proie à un mensonge involontaire, dans le 11e épisode nommé aussi Alethea de la première saison de la série américaine à succès Kung-Fu, mettant notamment le personnage principal Caine, joué par David Carradine, dans la situation d\'un condamné à mort.\r\n\r\nEn 1973, elle donne sa voix au personnage de Pugsley Addams dans le dessin animé The Addams Family.\r\n\r\nEn 1976, à 14 ans et aux côtés de Mort Shuman et Martin Sheen, elle tient le premier rôle dans La Petite Fille au bout du chemin, thriller franco-américano-canadien.\r\n\r\nElle participe à deux productions Disney Un vendredi dingue, dingue, dingue (1976) et La Course au trésor (1978) et déclarera plus tard qu\'« il y a une forme de loyauté et un sentiment familial chez Disney» mais que pour elle le tournage de ces films avait un côté gênant car elle aspirait à devenir réalisatrice et non plus actrice. Elle était alors sous contrat avec Disney et a dû refuser le rôle de Leia dans Star Wars (1977). ...\r\n\r\nSource: Article \"Jodie Foster\" de Wikipédia en français, soumis à la licence CC-BY-SA 3.0.\r\n\r\nAlicia Christian Foster, dite Jodie Foster, est une actrice, réalisatrice et productrice américaine, née le 19 novembre 1962 à Los Angeles.\r\n\r\nElle entame sa carrière à l\'âge de six ans dans la série télévisée Mayberry, R.F.D. et est révélée en 1976 par le film Taxi Driver, qui lui apporte sa première nomination aux Oscars. Elle fait la totalité de ses études en français et obtient un baccalauréat au lycée français de Los Angeles (ce qui explique qu\'elle parle couramment le français sans aucun accent américain), puis un diplôme de littérature à l\'université Yale.\r\n\r\nAprès plusieurs rôles, elle obtient l\'Oscar de la meilleure actrice pour Les Accusés en 1988, puis en reçoit un second, trois ans plus tard, grâce au Silence des agneaux en 1991, où elle côtoie Anthony Hopkins. Ses autres grands succès incluent Contact (1997), Panic Room (2002) ainsi que Flight Plan (2005), À vif (2007) et Carnage (2011). Elle a également été honorée, en plus de ses deux Oscars, de trois Golden Globes ainsi que de trois British Academy Award (BAFTA).\r\n\r\nEn 2013, elle reçoit le Cecil B. DeMille Award pour l\'ensemble de sa carrière lors de la 70e cérémonie des Golden Globes.\r\n\r\nEn juillet 2021, elle reçoit la Palme d\'honneur au Festival de Cannes.\r\n\r\nJodie Foster est la fille de Lucius Foster III et d\'Evelyn Brandy Foster née Almond. Son père est un ancien lieutenant-colonel dans l\'Armée de l\'Air américaine reconverti dans l\'immobilier où il a fait fortune avant la naissance de sa fille.\r\n\r\nElle commence sa carrière à deux ans avec des publicités, pendant quatre ans, et commence la série Mayberry R.F.D. (1968). Après plusieurs spots publicitaires, Jodie tourne en 1972 son premier film Napoléon et Samantha (Napoleon and Samantha) avec Michael Douglas produit par Walt Disney Pictures.\r\n\r\nEn 1972 également, elle incarne un second rôle important d\'une fillette appelée Alethea en proie à un mensonge involontaire, dans le 11e épisode nommé aussi Alethea de la première saison de la série américaine à succès Kung-Fu, mettant notamment le personnage principal Caine, joué par David Carradine, dans la situation d\'un condamné à mort.\r\n\r\nEn 1973, elle donne sa voix au personnage de Pugsley Addams dans le dessin animé The Addams Family.\r\n\r\nEn 1976, à 14 ans et aux côtés de Mort Shuman et Martin Sheen, elle tient le premier rôle dans La Petite Fille au bout du chemin, thriller franco-américano-canadien.\r\n\r\nElle participe à deux productions Disney Un vendredi dingue, dingue, dingue (1976) et La Course au trésor (1978) et déclarera plus tard qu\'« il y a une forme de loyauté et un sentiment familial chez Disney» mais que pour elle le tournage de ces films avait un côté gênant car elle aspirait à devenir réalisatrice et non plus actrice. Elle était alors sous contrat avec Disney et a dû refuser le rôle de Leia dans Star Wars (1977). ...\r\n\r\nSource: Article \"Jodie Foster\" de Wikipédia en français, soumis à la licence CC-BY-SA 3.0.\r\n\r\n'),
(18,	'Michael',	'Caine',	'14 mars 1933',	'hZruclwEPCKw3e83rnFSIH5sRFZ.jpg',	'Sir Michael Caine est un acteur de cinéma anglais. Il est connu pour plusieurs performances remarquées acclamées par la critique, notamment dans des films comme Zulu (1964), The Italian Job (1969), Get Carter (1971), Educating Rita (1983) et plus récemment Batman Begins et The Dark Knight. Caine a été fait chevalier en 2000 par la reine Elizabeth II, en reconnaissance de sa contribution au cinéma.\r\n\r\nCaine est né Maurice Joseph Micklewhite à Rotherhithe, au sud-est de Londres, fils d\'Ellen Frances Marie, cuisinière et charladie, et Maurice Joseph Micklewhite, un marchand de poisson.'),
(19,	'Christian',	'Bale',	'30 janvier 1974',	'v2Oks7DTbZcKzSi2Pw58C7SSLzM.jpg',	'Christian Bale, né le 30 janvier 1974 à Haverfordwest, au Pays de Galles, est un acteur britannique.\r\n\r\nIl est notamment connu pour jouer aussi bien dans des films à gros budget (trilogie Batman, Terminator, Exodus) que dans des films indépendants de petits producteurs (Fighter, Les Brasiers de la colère, Knight of Cups).\r\n\r\nBale a attiré l\'attention du public à l\'âge de 13 ans, quand il a obtenu le rôle principal du film de Steven Spielberg, Empire du soleil (1987). Basé sur le roman du même nom de J. G. Ballard, il y joue un jeune garçon anglais, séparé de ses parents pendant la Seconde Guerre mondiale et qui découvre la vie dans un camp d\'internement japonais.'),
(20,	'Anne',	'Hathaway',	'12 novembre 1982',	'yxonUjheNliiwkXKsy6BTONtyCx.jpg',	'Anne Hathaway est une actrice américaine, née le 12 novembre 1982 à New York.\r\n\r\nAprès plusieurs rôles sur scène, elle est apparue à la télévision dans la série La Famille Green (1999-2000), mais elle se fait connaître du grand public avec le rôle de Mia Thermopolis dans Princesse malgré elle (2001) et sa suite, Un mariage de princesse, deux films produits par Disney. Depuis lors, elle a joué dans des films dramatiques comme Havoc et Le Secret de Brokeback Mountain. En 2006, elle partage la vedette avec Meryl Streep dans la comédie Le Diable s\'habille en Prada, qui rencontre un énorme succès commercial dès sa sortie en salles.'),
(21,	'Matthew',	'McConaughey',	'4 novembre 1969',	'e9ZHRY5toiBZCIPEEyvOG9A8ers.jpg',	'Matthew McConaughey est un acteur, producteur, réalisateur et scénariste américain, né le 4 novembre 1969 à Uvalde (Texas).\r\n\r\nRévélé par Génération rebelle (1993), il est considéré dans les années 1990 comme un jeune espoir du cinéma américain et tourne avec des réalisateurs comme Steven Spielberg (Amistad), Robert Zemeckis (Contact) ou Ron Howard (En direct sur Ed TV). À partir des années 2010, lassé de jouer dans des comédies romantiques, il décide de s\'orienter vers des films plus risqués et reçoit de nombreuses critiques positives pour ses compositions dans Bernie, Magic Mike, Killer Joe, Mud : Sur les rives du Mississippi ou encore Le Loup de Wall Street et Interstellar. Il est l\'acteur principal de la série True Detective, qui reçoit un accueil record ; sa performance lui vaut une nomination pour l\'Emmy Award du meilleur acteur.\r\n\r\nDepuis 2011, le terme de « McConaissance » est utilisé pour désigner l\'incroyable renaissance de l\'acteur. En 2014, il remporte l\'Oscar du meilleur acteur pour son interprétation dans le film Dallas Buyers Club.\r\n\r\nDescription above from the Wikipedia article Matthew McConaughey, licensed under CC-BY-SA, full list of contributors on Wikipedia.\r\n\r\nMatthew McConaughey est un acteur, producteur, réalisateur et scénariste américain, né le 4 novembre 1969 à Uvalde (Texas).\r\n\r\nRévélé par Génération rebelle (1993), il est considéré dans les années 1990 comme un jeune espoir du cinéma américain et tourne avec des réalisateurs comme Steven Spielberg (Amistad), Robert Zemeckis (Contact) ou Ron Howard (En direct sur Ed TV). À partir des années 2010, lassé de jouer dans des comédies romantiques, il décide de s\'orienter vers des films plus risqués et reçoit de nombreuses critiques positives pour ses compositions dans Bernie, Magic Mike, Killer Joe, Mud : Sur les rives du Mississippi ou encore Le Loup de Wall Street et Interstellar. Il est l\'acteur principal de la série True Detective, qui reçoit un accueil record ; sa performance lui vaut une nomination pour l\'Emmy Award du meilleur acteur.\r\n\r\nDepuis 2011, le terme de « McConaissance » est utilisé pour désigner l\'incroyable renaissance de l\'acteur. En 2014, il remporte l\'Oscar du meilleur acteur pour son interprétation dans le film Dallas Buyers Club.\r\n\r\nDescription above from the Wikipedia article Matthew McConaughey, licensed under CC-BY-SA, full list of contributors on Wikipedia.\r\n\r\n'),
(22,	'Scarlett',	'Johansson',	'22 novembre 1984',	'3JTEc2tGUact9c0WktvpeJ9pajn.jpg',	'Scarlett Johansson est une actrice et chanteuse américaine. Elle est révélée à l\'âge de quatorze ans, grâce à son rôle dans L\'Homme qui murmurait à l\'oreille des chevaux (1998), puis enchaîne les succès critiques avec Ghost World, Lost in Translation et La Jeune fille à la perle, ces deux derniers lui ayant valu deux nominations aux Golden Globes (2003).\r\n\r\nÀ partir de Match Point, elle devient la nouvelle « muse » du réalisateur Woody Allen, avec qui elle tourne deux autres films dans un rôle principal : Scoop et Vicky Cristina Barcelona. Éclectique, elle joue aussi dans les films à grand spectacle et gros budgets, tenant notamment, à partir de 2010, le rôle de la Veuve noire / Natasha Romanoff dans plusieurs productions des Marvel Studios. En 2014, elle interprète Lucy, dans le film éponyme de Luc Besson, qui devient le plus gros succès du cinéma français dans le monde.\r\n\r\nScarlett Johansson est une actrice et chanteuse américaine. Elle est révélée à l\'âge de quatorze ans, grâce à son rôle dans L\'Homme qui murmurait à l\'oreille des chevaux (1998), puis enchaîne les succès critiques avec Ghost World, Lost in Translation et La Jeune fille à la perle, ces deux derniers lui ayant valu deux nominations aux Golden Globes (2003).\r\n\r\nÀ partir de Match Point, elle devient la nouvelle « muse » du réalisateur Woody Allen, avec qui elle tourne deux autres films dans un rôle principal : Scoop et Vicky Cristina Barcelona. Éclectique, elle joue aussi dans les films à grand spectacle et gros budgets, tenant notamment, à partir de 2010, le rôle de la Veuve noire / Natasha Romanoff dans plusieurs productions des Marvel Studios. En 2014, elle interprète Lucy, dans le film éponyme de Luc Besson, qui devient le plus gros succès du cinéma français dans le monde.\r\n\r\n');

DROP TABLE IF EXISTS `actor_movie`;
CREATE TABLE `actor_movie` (
  `actor_id` int(11) unsigned NOT NULL,
  `movie_id` int(11) unsigned NOT NULL
) ENGINE=InnoDB DEFAULT CHARSET=utf8mb4 COLLATE=utf8mb4_general_ci;

INSERT INTO `actor_movie` (`actor_id`, `movie_id`) VALUES
(13,	6),
(13,	7),
(20,	12),
(16,	8),
(7,	2),
(4,	4),
(19,	13),
(15,	7),
(17,	9),
(8,	2),
(6,	2),
(9,	1),
(9,	5),
(14,	7),
(21,	12),
(11,	8),
(18,	13),
(18,	12),
(12,	6),
(12,	9),
(2,	3),
(22,	13),
(3,	1),
(3,	3),
(1,	3),
(10,	6),
(5,	4);

DROP TABLE IF EXISTS `app_user`;
CREATE TABLE `app_user` (
  `id` int(10) NOT NULL AUTO_INCREMENT,
  `email` varchar(128) NOT NULL,
  `password` varchar(60) NOT NULL,
  `firstname` varchar(64) DEFAULT NULL,
  `lastname` varchar(64) DEFAULT NULL,
  `role` varchar(64) NOT NULL,
  `created_at` timestamp NOT NULL DEFAULT '0000-00-00 00:00:00' ON UPDATE current_timestamp(),
  `updated_at` varchar(255) DEFAULT NULL,
  PRIMARY KEY (`id`)
) ENGINE=InnoDB DEFAULT CHARSET=utf8mb4 COLLATE=utf8mb4_general_ci;

INSERT INTO `app_user` (`id`, `email`, `password`, `firstname`, `lastname`, `role`, `created_at`, `updated_at`) VALUES
(4,	'githoweb@gmail.com',	'$2y$10$HusyhGVb1DWmYoN9bz9rk.irYyOROu44DyBxow1QLdTRF/T41yxDG',	'Gilles',	'Thomas',	'admin',	'2024-03-27 13:56:41',	NULL),
(5,	'clarkkent@suppy.com',	'$2y$10$KEwTUKDVnWu1tMXBeQCCmuqSiOqHrok8.P5M8Jw/Mw6dKLGGQFBwS',	'clark',	'kent',	'admin',	'0000-00-00 00:00:00',	NULL);

DROP TABLE IF EXISTS `director`;
CREATE TABLE `director` (
  `id` int(11) NOT NULL AUTO_INCREMENT,
  `firstname` varchar(255) NOT NULL,
  `lastname` varchar(255) NOT NULL,
  `birth` varchar(255) NOT NULL,
  `poster` varchar(255) NOT NULL,
  `biography` longtext NOT NULL,
  PRIMARY KEY (`id`)
) ENGINE=InnoDB DEFAULT CHARSET=utf8 COLLATE=utf8_general_ci;

INSERT INTO `director` (`id`, `firstname`, `lastname`, `birth`, `poster`, `biography`) VALUES
(1,	'Steven',	'Spielberg',	'18 décembre 1946',	'tZxcg19YQ3e8fJ0pOs7hjlnmmr6.jpg',	'Steven Spielberg est un réalisateur, scénariste et producteur de cinéma américain, né le 18 décembre 1946 à Cincinnati (Ohio).\r\n\r\nIssu de la deuxième génération du Nouvel Hollywood dans les années 1970, il réalise le premier blockbuster de l\'histoire du cinéma : Les Dents de la mer. Il enchaîne les succès (E.T. l\'extra-terrestre, série Indiana Jones, Jurassic Park) tout en développant ses activités de gestionnaire. Fondateur de la société de production Amblin et cofondateur du studio DreamWorks SKG, il produit de nombreux films à succès (Poltergeist, Gremlins, Retour vers le futur, Qui veut la peau de Roger Rabbit ou encore la trilogie Men in Black et Transformers). Il a également financé et distribué des œuvres plus exigeantes ou moins grand public telles que Lettres d\'Iwo Jima de Clint Eastwood, American Beauty de Sam Mendes et Hollywood Ending de Woody Allen.'),
(2,	'Ridley',	'Scott',	'30 novembre 1937',	'zABJmN9opmqD4orWl3KSdCaSo7Q.jpg',	'Scott est né à South Shields, Tyne and Wear, en Angleterre, le fils d\'Elizabeth et du colonel Francis Percy Scott. Il a été élevé dans une famille de l\'armée, ce qui signifie que pendant la plus grande partie de sa jeunesse, son père - un officier du Royal Engineers - était absent. Le frère aîné de Ridley, Frank, a rejoint la marine marchande quand il était encore jeune et le couple avait peu de contacts. Pendant ce temps, la famille a déménagé, vivant (entre autres) en Cumbrie, au Pays de Galles et en Allemagne. Il a un jeune frère, Tony, également réalisateur.'),
(3,	'Christopher',	'Nolan',	'30 juillet 1970',	'xuAIuYSmsUzKlUMBFGVZaWsY3DZ.jpg',	'Christopher Edward Nolan (né le 30 juillet 1970) est un réalisateur, scénariste et producteur de films anglo-américains. Il est né à Westminster, Londres, en Angleterre, et possède la double nationalité britannique et américaine grâce à sa mère américaine. Il est connu pour avoir écrit et réalisé des films acclamés par la critique tels que Memento (2000), The Prestige (2006), The Dark Knight Trilogy (2005-12), Inception (2010), Interstellar (2014) et Dunkerque (2017). Nolan est le fondateur de la société de production Syncopy Films. Il collabore souvent avec sa femme, la productrice Emma Thomas, et son frère, le scénariste Jonathan Nolan.'),
(4,	'David',	'Lynch',	'20 janvier 1946',	'b6TnSpuqeOlbq7aHH9G4inmQ1v9.jpg',	'David Lynch est un cinéaste, photographe, musicien et peintre américain né le 20 janvier 1946 à Missoula (Montana).\r\n\r\nIl est l\'auteur de 10 longs-métrages, sortis entre 1977 et 2006. Nommé aux Oscars du cinéma comme meilleur réalisateur pour Elephant Man (1980), Blue Velvet (1986) et Mulholland Drive (2001). Il a également reçu la Palme d\'or au Festival de Cannes en 1990 et un Lion d\'or d\'honneur à la Mostra de Venise en 2006.'),
(6,	'J.J.',	'Abrams',	'27 juin 1966',	'k4IWd2RV5kY1kAL2VgKQwFvnCLP.jpg',	'J. J. Abrams, né Jeffrey Jacob Abrams le 27 juin 1966 à New York, est un scénariste, réalisateur, producteur, compositeur et acteur américain connu pour son travail dans les genres de l\'action, du drame et de la science fiction.\r\n\r\nIl est notamment célèbre pour être le créateur et parfois le show runner de plusieurs séries télévisées à succès (Alias, Lost : Les Disparus, Fringe), mais aussi le producteur d\'autres séries comme Person of Interest ou encore le nouveau très grand succès Westworld. Au cinéma, il signe la réalisation du reboot de Star Trek en 2009, et sa suite Star Trek Into Darkness en 2013, puis en 2015 de Star Wars, épisode VII : Le Réveil de la Force. La même année, Lucasfilm et The Walt Disney Company annoncent qu\'il sera le producteur des épisodes VIII et IX de Star Wars. Il est également nommé en septembre 2017 réalisateur de l\'episode IX.\r\n\r\nJ. J. Abrams, né Jeffrey Jacob Abrams le 27 juin 1966 à New York, est un scénariste, réalisateur, producteur, compositeur et acteur américain connu pour son travail dans les genres de l\'action, du drame et de la science fiction.\r\n\r\nIl est notamment célèbre pour être le créateur et parfois le show runner de plusieurs séries télévisées à succès (Alias, Lost : Les Disparus, Fringe), mais aussi le producteur d\'autres séries comme Person of Interest ou encore le nouveau très grand succès Westworld. Au cinéma, il signe la réalisation du reboot de Star Trek en 2009, et sa suite Star Trek Into Darkness en 2013, puis en 2015 de Star Wars, épisode VII : Le Réveil de la Force. La même année, Lucasfilm et The Walt Disney Company annoncent qu\'il sera le producteur des épisodes VIII et IX de Star Wars. Il est également nommé en septembre 2017 réalisateur de l\'episode IX.\r\n\r\n'),
(7,	'James',	'Cameron',	'16 août 1954',	'9NAZnTjBQ9WcXAQEzZpKy4vdQto.jpg',	'James Francis Cameron [ d͡ʒeɪmz ˈfɹænsɪs ˈkæmɹən], né le 16 août 1954 à Kapuskasing (Canada) est un réalisateur, scénariste, producteur et explorateur de fonds marins canadien qui habite aux États-Unis. Il a réalisé et écrit les films, Terminator (1984), Aliens, le retour (1986), Abyss (1989), Terminator 2 : Le Jugement dernier (1991), True Lies (1994), Titanic (1997) et Avatar (2009).\r\n\r\nEn 1997, il bat un record avec Titanic, film consacré au naufrage de 1912. Le film est resté pendant onze ans le plus gros succès du box-office mondial et reçoit en 1998 l\'Oscar du meilleur film et Cameron remporte la même année l\'Oscar du meilleur réalisateur. Le film remporte également neuf autres Oscars. Le budget du film est de quelque 200 millions de dollars.'),
(8,	'Oliver',	'Stone',	'15 septembre 1946',	'uHdNGBkrI74eYfUP2Uie7nuo0Nn.jpg',	'William Oliver Stone est un réalisateur et scénariste américain. Stone s\'est fait connaître à la fin des années 1980 et au début des années 1990 pour avoir réalisé une série de films sur la guerre du Vietnam, auxquels il avait participé en tant que soldat d\'infanterie américain. Son travail se concentre fréquemment sur des questions politiques et culturelles contemporaines, souvent controversées. Il a reçu trois Oscars: Meilleur scénario adapté pour Midnight Express (1978), et Meilleur réalisateur pour Platoon (1986) et Né le 4 juillet (1989). Le journal britannique The Guardian l\'a décrit comme «l\'un des rares hommes de gauche engagés à travailler dans le cinéma américain grand public».'),
(9,	'Michael',	'Mann',	'5 février 1943',	'syowcptZIOosLMwVWbXFOU8jVvd.jpg',	'Michael Mann [ˈmaɪkəl mæn] est un réalisateur, scénariste et producteur américain né le 5 février 1943 à Chicago dans l\'Illinois.\r\n\r\nIl a étudié à l\'Université du Wisconsin-Madison et est sorti diplômé de la London International Film School. Pour son travail, il a reçu des nominations d\'organisations internationales comme la British Academy of Film and Television Arts et l\'Academy of Motion Picture Arts and Sciences.'),
(10,	'Francis Ford',	'Coppola',	'7 avril 1939',	'3Pblihd6KjXliie9vj4iQJwbNPU.jpg',	'Francis Ford Coppola (né le 7 avril 1939) est un réalisateur, producteur et scénariste américain. Il est largement reconnu comme l\'un des réalisateurs les plus célèbres et les plus influents d\'Hollywood. Il incarnait le groupe de cinéastes connu sous le nom de New Hollywood, qui comprenait George Lucas, Martin Scorsese, Robert Altman, Woody Allen et William Friedkin, qui a émergé au début des années 1970 avec des idées non conventionnelles qui ont défié le cinéma contemporain.\r\n\r\nIl a co-écrit le scénario de Patton, remportant l\'Oscar en 1970. Sa renommée de réalisateur s\'est intensifiée avec la sortie de The Godfather en 1972. Le film a révolutionné la réalisation de films dans le genre des gangsters, recueillant les lauriers universels de la critique et du public. Il a remporté trois Oscars, dont le deuxième, qu\'il a remporté pour le meilleur scénario adapté, et il a contribué à consolider sa position en tant que l\'un des principaux réalisateurs américains. Coppola l\'a suivi avec une suite tout aussi réussie The Godfather Part II, qui est devenue la toute première suite à remporter l\'Oscar du meilleur film. Le film a reçu des éloges encore plus élevés que son prédécesseur et lui a décerné trois Oscars - pour le meilleur scénario adapté, le meilleur réalisateur et le meilleur film. La même année est sorti The Conversation, qu\'il a réalisé, produit et écrit. Le film a remporté la Palme d\'Or au Festival de Cannes 1974. Son prochain projet de réalisateur était Apocalypse Now en 1979, et il était aussi connu pour sa production longue et troublée que pour sa représentation vivante et frappante de la guerre du Vietnam. Il remporte sa deuxième Palme d\'Or au Festival de Cannes 1979.\r\n\r\nBien que certaines des entreprises de Coppola dans les années 1980 et au début des années 1990 aient été saluées par la critique, le travail ultérieur de Coppola n\'a pas rencontré le même niveau de succès critique et commercial que ses films des années 70. Description ci-dessus de l\'article Wikipedia Francis Ford Coppola, sous licence CC-BY-SA, liste complète des contributeurs sur Wikipedia\r\n\r\nFrancis Ford Coppola (né le 7 avril 1939) est un réalisateur, producteur et scénariste américain. Il est largement reconnu comme l\'un des réalisateurs les plus célèbres et les plus influents d\'Hollywood. Il incarnait le groupe de cinéastes connu sous le nom de New Hollywood, qui comprenait George Lucas, Martin Scorsese, Robert Altman, Woody Allen et William Friedkin, qui a émergé au début des années 1970 avec des idées non conventionnelles qui ont défié le cinéma contemporain.\r\n\r\nIl a co-écrit le scénario de Patton, remportant l\'Oscar en 1970. Sa renommée de réalisateur s\'est intensifiée avec la sortie de The Godfather en 1972. Le film a révolutionné la réalisation de films dans le genre des gangsters, recueillant les lauriers universels de la critique et du public. Il a remporté trois Oscars, dont le deuxième, qu\'il a remporté pour le meilleur scénario adapté, et il a contribué à consolider sa position en tant que l\'un des principaux réalisateurs américains. Coppola l\'a suivi avec une suite tout aussi réussie The Godfather Part II, qui est devenue la toute première suite à remporter l\'Oscar du meilleur film. Le film a reçu des éloges encore plus élevés que son prédécesseur et lui a décerné trois Oscars - pour le meilleur scénario adapté, le meilleur réalisateur et le meilleur film. La même année est sorti The Conversation, qu\'il a réalisé, produit et écrit. Le film a remporté la Palme d\'Or au Festival de Cannes 1974. Son prochain projet de réalisateur était Apocalypse Now en 1979, et il était aussi connu pour sa production longue et troublée que pour sa représentation vivante et frappante de la guerre du Vietnam. Il remporte sa deuxième Palme d\'Or au Festival de Cannes 1979.\r\n\r\nBien que certaines des entreprises de Coppola dans les années 1980 et au début des années 1990 aient été saluées par la critique, le travail ultérieur de Coppola n\'a pas rencontré le même niveau de succès critique et commercial que ses films des années 70. Description ci-dessus de l\'article Wikipedia Francis Ford Coppola, sous licence CC-BY-SA, liste complète des contributeurs sur Wikipedia\r\n\r\n'),
(11,	'Rob',	'Reiner',	'6 mars 1947',	'rcmPU3YlhHQVzZlV197qhmRsgEL.jpg',	'Robert Reiner (né le 6 mars 1947) est un acteur, comédien et cinéaste américain. En tant qu\'acteur, Reiner s\'est d\'abord fait connaître au niveau national avec le rôle de Michael Stivic dans All in the Family (1971-1979), un rôle qui lui a valu deux Emmy Awards dans les années 1970. En tant que réalisateur, Reiner a été récompensé par la Directors Guild of America (DGA) avec des nominations pour le film dramatique Stand by Me (1986), la comédie romantique When Harry Met Sally... (1989), et le drame militaire A Few Good Men (1992). Il a également réalisé le thriller psychologique d\'horreur Misery (1990), la comédie romantique d\'aventure fantastique The Princess Bride (1987), et le faux documentaire sur un groupe de heavy metal This Is Spinal Tap (1984).'),
(12,	'Martin',	'Scorsese',	'17 novembre 1942',	'9U9Y5GQuWX3EZy39B8nkk4NY01S.jpg',	'Martin Charles Scorsese est réalisateur, scénariste et producteur de cinéma italo-américain né le 17 novembre 1942 à New York.\r\n\r\nDe parents d\'origine sicilienne, il passe son enfance dans le quartier new-yorkais de Little Italy qui lui inspire de nombreux films.\r\n\r\nAprès six nominations, Scorsese remporte finalement, en 2007, l\'Oscar du meilleur réalisateur pour Les Infiltrés (The Departed) qui est également gratifié de ceux du meilleur film et de la meilleure adaptation. Auparavant, il obtient la Palme d\'or au Festival de Cannes 1976 pour Taxi Driver ainsi que le Prix de la mise en scène Cannois, en 1986 pour After Hours et le Lion d\'argent à la Mostra de Venise 1990 pour Les Affranchis. Il est président du jury au Festival de Cannes 1998.'),
(13,	'Harold',	'Ramis',	'21 novembre 1944',	'kmTMTxthkDAsygk3Am4IUSVYYRi.jpg',	'Harold Allen Ramis, dit Harold Ramis, né le 21 novembre 1944 à Chicago dans l\'Illinois et mort le 24 février 2014 dans cette même ville, est un acteur, réalisateur, scénariste et producteur de cinéma américain. SOS Fantômes en 1984 et sa suite en 1989, tout comme Un jour sans fin en 1993, importants succès populaires, font partie de ses films les plus notables.\r\n\r\nContenu soumis à la licence CC-BY-SA 3.0. Source : Article Harold Ramis de Wikipédia en français.'),
(14,	'Joel',	'Cohen',	'29 novembre 1954',	'rgVaJNkZCgMarUcZuUAsVfXMWk3.jpg',	'Après des études de cinéma à l\'Institute of Film and TV de New York, Joel Coen commence sa carrière comme assistant monteur sur le film d\'horreur Evil Dead de Sam Raimi. En 1984, il écrit avec son frère Ethan son premier long-métrage, Sang pour sang, auréolé du Grand Prix du Festival de Sundance. Les thèmes récurrents à son style sont déjà implantés : cynisme, sens de l\'absurde, suspense omniprésent, humour noir féroce. Joel Coen signe ensuite Arizona Junior et Miller\'s Crossing, mais c\'est Barton Fink, en 1991, qui lui apporte la consécration, le film recevant la Palme d\'Or du Festival de Cannes. Le cinéaste, indissociablement lié à son frère Ethan, devient alors extrêmement populaire dans le milieu du septième art mais parvient à garder une indépendance créative salutaire.\r\n\r\nHabitués de la croisette, ils sont choisis pour participer au projet Chacun son cinéma, une compilation de courts métrages de grands réalisateurs projetée à l\'occasion du 60e anniversaire du Festival. Une édition où ils présentent également en Compétition No Country for Old Men - Non, ce pays n\'est pas pour le vieil homme, un drame sanglant adapté d\'un roman de Cormac McCarthy qui contraste durement avec la légèreté de leurs précédents longs-métrages. Le film est un triomphe : il reçoit une moisson de prix à travers le monde, dont 4 Oscars pour le Meilleur scénario adapté, le Meilleur réalisateur, Meilleur second rôle pour Javier Bardem et celui du Meilleur film. Après le potache et mineur Burn After Reading (2008), les frères Coen reviennent en 2010 avec une comédie dramatique : A Serious Man. Ils font ensuite une franche incursion dans le western - genre qu\'ils ont souvent effleuré dans leurs films, avec True Grit, remake d\'un film avec John Wayne de 1969, 100 dollars pour un shérif, occasion de retrouver Jeff Bridges qui avait été pour eux en 1998, \"The Big Lebowski\".\r\n\r\nAprès des études de cinéma à l\'Institute of Film and TV de New York, Joel Coen commence sa carrière comme assistant monteur sur le film d\'horreur Evil Dead de Sam Raimi. En 1984, il écrit avec son frère Ethan son premier long-métrage, Sang pour sang, auréolé du Grand Prix du Festival de Sundance. Les thèmes récurrents à son style sont déjà implantés : cynisme, sens de l\'absurde, suspense omniprésent, humour noir féroce. Joel Coen signe ensuite Arizona Junior et Miller\'s Crossing, mais c\'est Barton Fink, en 1991, qui lui apporte la consécration, le film recevant la Palme d\'Or du Festival de Cannes. Le cinéaste, indissociablement lié à son frère Ethan, devient alors extrêmement populaire dans le milieu du septième art mais parvient à garder une indépendance créative salutaire.\r\n\r\nHabitués de la croisette, ils sont choisis pour participer au projet Chacun son cinéma, une compilation de courts métrages de grands réalisateurs projetée à l\'occasion du 60e anniversaire du Festival. Une édition où ils présentent également en Compétition No Country for Old Men - Non, ce pays n\'est pas pour le vieil homme, un drame sanglant adapté d\'un roman de Cormac McCarthy qui contraste durement avec la légèreté de leurs précédents longs-métrages. Le film est un triomphe : il reçoit une moisson de prix à travers le monde, dont 4 Oscars pour le Meilleur scénario adapté, le Meilleur réalisateur, Meilleur second rôle pour Javier Bardem et celui du Meilleur film. Après le potache et mineur Burn After Reading (2008), les frères Coen reviennent en 2010 avec une comédie dramatique : A Serious Man. Ils font ensuite une franche incursion dans le western - genre qu\'ils ont souvent effleuré dans leurs films, avec True Grit, remake d\'un film avec John Wayne de 1969, 100 dollars pour un shérif, occasion de retrouver Jeff Bridges qui avait été pour eux en 1998, \"The Big Lebowski\".\r\n\r\n');

DROP TABLE IF EXISTS `genre`;
CREATE TABLE `genre` (
  `id` int(11) NOT NULL AUTO_INCREMENT,
  `name` varchar(255) NOT NULL,
  PRIMARY KEY (`id`)
) ENGINE=InnoDB DEFAULT CHARSET=utf8 COLLATE=utf8_general_ci;

INSERT INTO `genre` (`id`, `name`) VALUES
(1,	'Science-Fiction'),
(2,	'Thriller'),
(3,	'Comédie'),
(4,	'Drame'),
(5,	'Biopic'),
(6,	'Action');

DROP TABLE IF EXISTS `movie`;
CREATE TABLE `movie` (
  `id` int(11) NOT NULL AUTO_INCREMENT,
  `title` varchar(255) NOT NULL,
  `duration` int(3) NOT NULL,
  `poster` varchar(255) NOT NULL,
  `date` int(11) NOT NULL,
  `synopsis` mediumtext NOT NULL,
  `genre_id` int(2) DEFAULT NULL,
  `director_id` int(11) DEFAULT NULL,
  PRIMARY KEY (`id`)
) ENGINE=InnoDB DEFAULT CHARSET=utf8 COLLATE=utf8_general_ci;

INSERT INTO `movie` (`id`, `title`, `duration`, `poster`, `date`, `synopsis`, `genre_id`, `director_id`) VALUES
(1,	'Dune',	140,	'nCFApKqbqRDdGc3YylVf3VsTHcg.jpg',	1984,	'En l\'an 10191, la substance la plus importante est l\'Épice. Elle ne se trouve que sur une seule planète, Arakis, connue aussi sous le nom de Dune. La famille Atréide vient à gouverner cette planète mais son ennemi, la dynastie des Harkonnen lui tend un piège dès son arrivée. Paul, le fils du Duc Leto Atréide se réfugie alors dans le désert avec sa mère et y rencontre les Fremens, peuple caché dans le désert attendant l\'arrivée d\'un Messie...',	1,	4),
(2,	'Matrix',	135,	'pEoqbqtLc4CcwDUDqxmEDSWpWTZ.jpg',	1999,	'Programmeur anonyme dans un service administratif le jour, Thomas Anderson devient Neo la nuit venue. Sous ce pseudonyme, il est l’un des pirates les plus recherchés du cyber‐espace. À cheval entre deux mondes, Neo est assailli par d’étranges songes et des messages cryptés provenant d’un certain Morpheus. Celui‐ci l’exhorte à aller au‐delà des apparences et à trouver la réponse à la question qui hante constamment ses pensées : qu’est‐ce que la Matrice ? Nul ne le sait, et aucun homme n’est encore parvenu à en percer les défenses. Mais Morpheus est persuadé que Neo est l’Élu, le libérateur mythique de l’humanité annoncé selon la prophétie. Ensemble, ils se lancent dans une lutte sans retour contre la Matrice et ses terribles agents…',	1,	0),
(3,	'Blade Runner',	117,	'zHKWxyG4j404HVeSYHNH4niUpkW.jpg',	1982,	'2019, Los Angeles. La Terre est surpeuplée et l’humanité est partie coloniser l’espace. Les nouveaux colons sont assistés de Replicants, androïdes que rien ne peut distinguer de l\'être humain. Conçus comme de nouveaux esclaves, certains parmi les plus évolués s’affranchissent de leurs chaînes et s’enfuient. Rick Deckard, un ancien Blade Runner, catégorie spéciale de policiers chargés de \"retirer\" ces replicants, accepte une nouvelle mission consistant à retrouver quatre de ces individus qui viennent de regagner la Terre après avoir volé une navette spatiale.',	1,	2),
(4,	'Star Trek',	128,	'uS0YI879KkgUCk5tvbqDZXLb8mU.jpg',	2009,	'James T. Kirk tente d\'être à la hauteur de son père sous le contrôle de M. Spock alors qu\'un Romulien vengeur du futur crée des trous noirs pour détruire la Fédération, planète par planète.',	1,	6),
(5,	'The Doors',	138,	'sGeiwI0VkgwzOSkEDY8wI3JEFxu.jpg',	1991,	'En 1965, Jim Morrison, jeune diplômé en cinéma, s’éprend de Pamela Courson, à qui il fait découvrir ses poèmes. Peu après, il rencontre Ray Manzarek, ancien élève comme lui d’Ucla. L’apprenti organiste lui propose de former un groupe avec son ami batteur John Densmore, bientôt rejoints par le guitariste Robby Krieger. Ainsi naît les Doors, groupe rock légendaire qui révolutionnera le monde de la musique…',	5,	8),
(6,	'Heat',	170,	'e0xv5Y7UVrhKEVy1g3URMLLVDYB.jpg',	1995,	'Neil McCauley est un braqueur qui a de l\'expérience. Il veille, au cours de ses vols, à ne pas commettre d\'impairs. Ses complices n\'ont pas autant de scrupules ni de «conscience professionnelle». Lors d\'une opération pourtant bien planifiée, l\'un d\'entre eux tire sur deux vigiles. Ce double meurtre intéresse au plus au point le lieutenant Hanna, qui ne met guère de temps à identifier McCauley comme étant le cerveau de la bande. Les deux hommes apprennent à se connaître par dossier et surveillance interposée. A tel point qu\'il finissent par se rencontrer. Chacun jure alors de mettre l\'autre en échec. Un duel s\'engage, à la limite de la légalité.1995',	6,	9),
(7,	'Le Parrain',	175,	'k3uIbYtiuK8pwbCcbma29nTqmgG.jpg',	1972,	'La Seconde Guerre mondiale vient de s\'achever. À New York, le « parrain » Don Corleone, l\'un des chefs respectés de la mafia, se sent vieillir. Il refuse de s\'adapter à son temps et de se lancer, comme ses pairs, dans le trafic de drogue. Une frilosité qui entrave la bonne marche des affaires des autres « familles » et qui lui vaut d\'être la cible d\'un attentat. Don Corleone survit à ses blessures, mais reste très diminué. Mike, son plus jeune fils, qui jusque-là se tenait à l\'écart des affaires de son père, devient le plus dévoué de ses héritiers. Plus efficace que ses frères, Sonny et Fredo, il venge son père et organise l\'élimination de ses adversaires…',	4,	10),
(8,	'Quand Harry rencontre Sally…',	96,	'ghvbClWDXje0ksaL6ad2k7IZHCc.jpg',	1989,	'Harry et Sally s\'entendent comme chien et chat. Après la fac ils prennent la même destination, New York, mais ne se reverront que cinq ans plus tard, par hasard, dans un aéroport. Chacun a fait sa vie, ils se sont fiancés. Cinq ans passent encore, ils se rencontrent à nouveau. Tous deux viennent de rompre et dans cette étape difficile, ils se découvrent une vraie amitié. La complicité les rapproche à tel point qu\'ils finissent par admettre, ce que leurs amis savaient déjà : ils sont faits l\'un pour l\'autre.',	3,	11),
(9,	'Taxi Driver',	115,	'cgN3EB62KbRWYaRfymXPxICksrx.jpg',	1976,	'Vétéran de la Guerre du Vietnam, Travis Bickle est chauffeur de taxi dans la ville de New York. Ses rencontres nocturnes et la violence quotidienne dont il est témoin lui font peu à peu perdre la tête. Il se charge bientôt de délivrer une prostituée mineure de ses souteneurs.',	4,	12),
(12,	'Interstellar',	169,	'1pnigkWWy8W032o9TKDneBa3eVK.jpg',	2014,	'Dans un futur proche, face à une Terre exsangue, un groupe d’explorateurs utilise un vaisseau interstellaire pour franchir un trou de ver permettant de parcourir des distances jusque‐là infranchissables. Leur but : trouver un nouveau foyer pour l’humanité.',	1,	3),
(13,	'Le Prestige',	130,	'37Fr7lY4QBHsuxlLJIfTNxW6nGW.jpg',	2006,	'Londres, au début du siècle dernier… Robert Angier et Alfred Borden sont deux magiciens surdoués, promis dès leur plus jeune âge à un glorieux avenir. Une compétition amicale les oppose d\'abord l\'un à l\'autre, mais l\'émulation tourne vite à la jalousie, puis à la haine. Devenus de farouches ennemis, les deux rivaux vont s\'efforcer de se détruire l\'un l\'autre en usant des plus noirs secrets de leur art. Cette obsession aura pour leur entourage des conséquences dramatiques…',	4,	3);

-- 2024-04-28 08:56:02